Mean Absolute Error,Root Mean Squared Error,Relative Absolute Error,Relative Squared Error,Coefficient of Determination
68.5344882372892,92.9471428317417,0.298110439386004,0.106219047367454,0.893780952632546
