Mean Absolute Error,Root Mean Squared Error,Relative Absolute Error,Relative Squared Error,Coefficient of Determination
63.4659473385038,84.3189632252485,0.375116484680982,0.157799130479622,0.842200869520378
