Mean Absolute Error,Root Mean Squared Error,Relative Absolute Error,Relative Squared Error,Coefficient of Determination
270.744672711433,354.386891288479,0.329555410517243,0.121446020296505,0.878553979703495
