Mean Absolute Error,Root Mean Squared Error,Relative Absolute Error,Relative Squared Error,Coefficient of Determination
291.236239167984,377.732195379842,0.357090116879556,0.139099166422693,0.860900833577307
