Mean Absolute Error,Root Mean Squared Error,Relative Absolute Error,Relative Squared Error,Coefficient of Determination
331.264085287379,430.634167672747,0.390454627709933,0.172847029267511,0.827152970732489
