Mean Absolute Error,Root Mean Squared Error,Relative Absolute Error,Relative Squared Error,Coefficient of Determination
316.827560376268,419.486625245132,0.374506648464065,0.163937410803901,0.836062589196099
