Mean Absolute Error,Root Mean Squared Error,Relative Absolute Error,Relative Squared Error,Coefficient of Determination
0.352357095840385,0.451999325898775,0.43627821983195,0.203108586942249,0.796891413057751
